No,Country Code,Country Name,Region,Region Code,Region Name,2003,R2003,2004,R2004,2005,R2005,2006,R2006,2007,R2007,2008,R2008,2009,R2009,2010,R2010,2011,R2011,2012,R2012,03_04,2004P,04_05,2005P,05_06,2006P,06_07,2007P,07_08,2008P,08_09,2009P,09_10,2010P,10_11,2011P,11_12,2012P
8,AUS,Australia,2,EAE,East Asia & Pacific,9.3,106,9.5,115,6.5,121,9,118,8.8,125,6.3,127,3.1,137,5.4,136,4,126,15.2,130,0.2,2.15%,-3,-31.58%,2.5,38.46%,-0.2,-2.22%,-2.5,-28.41%,-3.2,-50.79%,2.3,74.19%,-1.4,-25.93%,11.2,280.00%
22,KHM,Cambodia,3,EAE,East Asia & Pacific,19.5,79,36.5,52,23,68,27.3,55,25.3,75,35.5,45,35.2,53,43.8,45,55,55,41.8,35,17,87.18%,-13.5,-36.99%,4.3,18.70%,-2,-7.33%,10.2,40.32%,-0.3,-0.85%,8.6,24.43%,11.2,25.57%,-13.2,-24.00%
29,CHN,China,4,EAE,East Asia & Pacific,91.3,6,92.3,6,83,9,94,6,89,7,85.5,7,84.5,8,84.7,8,136,7,73.1,8,1,1.10%,-9.3,-10.08%,11,13.25%,-5,-5.32%,-3.5,-3.93%,-1,-1.17%,0.2,0.24%,51.3,60.57%,-62.9,-46.25%
47,FJI,Fiji,5,EAE,East Asia & Pacific,11.5,98,16,97,14,99,14,99,33.5,57,16,83,60,22,52.8,28,55,53,32.7,64,4.5,39.13%,-2,-12.50%,0,0.00%,19.5,139.29%,-17.5,-52.24%,44,275.00%,-7.2,-12.00%,2.2,4.17%,-22.3,-40.55%
64,IDN,Indonesia,6,EAE,East Asia & Pacific,34.3,49,37.8,45,26,57,26,60,30.5,63,27,57,28.5,64,35.8,54,68,31,41.1,37,3.5,10.20%,-11.8,-31.22%,0,0.00%,4.5,17.31%,-3.5,-11.48%,1.5,5.56%,7.3,25.61%,32.2,89.94%,-26.9,-39.56%
70,JPN,Japan,7,EAE,East Asia & Pacific,8,111,10,112,8,117,12.5,106,11.8,119,6.5,126,3.3,136,2.5,139,-1,132,25.2,109,2,25.00%,-2,-20.00%,4.5,56.25%,-0.7,-5.60%,-5.3,-44.92%,-3.2,-49.23%,-0.8,-24.24%,-3.5,-140.00%,26.2,-2620.00%
76,LAO,Laos,8,EAE,East Asia & Pacific,94.8,4,64.3,15,66.5,12,67.5,13,75,9,70,10,92,7,80.5,11,89,14,68,13,-30.5,-32.17%,2.2,3.42%,1,1.50%,7.5,11.11%,-5,-6.67%,22,31.43%,-11.5,-12.50%,8.5,10.56%,-21,-23.60%
85,MYS,Malaysia,9,EAE,East Asia & Pacific,32,55,39.8,42,33,49,22.3,70,41,44,39.5,39,44.3,41,50.8,33,56,51,42.7,33,7.8,24.38%,-6.8,-17.09%,-10.7,-32.42%,18.7,83.86%,-1.5,-3.66%,4.8,12.15%,6.5,14.67%,5.2,10.24%,-13.3,-23.75%
92,MNG,Mongolia,10,EAE,East Asia & Pacific,18.3,83,19,88,12.5,104,19.3,76,23.4,86,20.8,73,23.3,74,19.4,88,35.8,69,29.9,73,0.7,3.83%,-6.5,-34.21%,6.8,54.40%,4.1,21.24%,-2.6,-11.11%,2.5,12.02%,-3.9,-16.74%,16.4,84.54%,-5.9,-16.48%
98,NZL,New Zealand,11,EAE,East Asia & Pacific,2.8,137,0.7,144,2,141,5,133,4.2,138,3,142,3,139,1.5,144,-5.3,140,8.4,147,-2.1,-75.00%,1.3,185.71%,3,150.00%,-0.8,-16.00%,-1.2,-28.57%,0,0.00%,-1.5,-50.00%,-6.8,-453.33%,13.7,-258.49%
102,PRK,North Korea,12,EAE,East Asia & Pacific,99.5,2,107.5,2,109,2,109,2,108.8,3,96.5,3,112.5,3,104.8,3,141,3,83.9,3,8,8.04%,1.5,1.40%,0,0.00%,-0.2,-0.18%,-12.3,-11.31%,16,16.58%,-7.7,-6.84%,36.2,34.54%,-57.1,-40.50%
108,PHL,Philippines,13,EAE,East Asia & Pacific,35.3,43,36.6,51,50,27,51,26,44.8,40,45,32,38.3,48,60,22,64.5,37,43.1,32,1.3,3.68%,13.4,36.61%,1,2.00%,-6.2,-12.16%,0.2,0.45%,-6.7,-14.89%,21.7,56.66%,4.5,7.50%,-21.4,-33.18%
120,SGP,Singapore,14,EAE,East Asia & Pacific,47.3,21,57,20,50.7,26,51.5,23,56,28,49,27,45,39,47.5,38,61,42,43.4,31,9.7,20.51%,-6.3,-11.05%,0.8,1.58%,4.5,8.74%,-7,-12.50%,-4,-8.16%,2.5,5.56%,13.5,28.42%,-17.6,-28.85%
124,KOR,South Korea,15,EAE,East Asia & Pacific,9.2,107,11.1,108,7.5,118,7.8,123,12.1,117,9,111,15.7,94,13.3,115,12.7,115,24.5,112,1.9,20.65%,-3.6,-32.43%,0.3,4.00%,4.3,55.13%,-3.1,-25.62%,6.7,74.44%,-2.4,-15.29%,-0.6,-4.51%,11.8,92.91%
134,THA,Thailand,16,EAE,East Asia & Pacific,19.7,78,14,100,28,55,33.5,43,53.5,34,34.5,47,44,42,56.8,25,61.5,40,38.6,41,-5.7,-28.93%,14,100.00%,5.5,19.64%,20,59.70%,-19,-35.51%,9.5,27.54%,12.8,29.09%,4.7,8.27%,-22.9,-37.24%
148,VNM,Vietnam,17,EAE,East Asia & Pacific,89.2,8,86.9,7,73.3,10,67.3,14,79.3,8,86.2,6,81.7,10,75.8,14,114,8,71.8,9,-2.3,-2.58%,-13.6,-15.65%,-6,-8.19%,12,17.83%,6.9,8.70%,-4.5,-5.22%,-5.9,-7.22%,38.2,50.40%,-42.2,-37.02%
3,ALB,Albania,18,ECE,Europe & Central Asia,6.5,118,11.5,106,14.2,98,18,81,25.5,73,16,84,21.8,77,21.5,84,34.4,73,30.9,68,5,76.92%,2.7,23.48%,3.8,26.76%,7.5,41.67%,-9.5,-37.25%,5.8,36.25%,-0.3,-1.38%,12.9,60.00%,-3.5,-10.17%
7,ARM,Armenia,19,ECE,Europe & Central Asia,25.2,69,23.5,75,26,60,25.5,61,23.6,83,22.8,65,31.1,58,27.5,66,27,88,28,92,-1.7,-6.75%,2.5,10.64%,-0.5,-1.92%,-1.9,-7.45%,-0.8,-3.39%,8.3,36.40%,-3.6,-11.58%,-0.5,-1.82%,1,3.70%
9,AUT,Austria,20,ECE,Europe & Central Asia,2.8,134,3.3,135,2.5,136,4.5,137,4.3,137,3.5,139,3,138,0.5,145,-8,147,9.4,143,0.5,17.86%,-0.8,-24.24%,2,80.00%,-0.2,-4.44%,-0.8,-18.60%,-0.5,-14.29%,-2.5,-83.33%,-8.5,-1700.00%,17.4,-217.50%
10,AZE,Azerbaijan,21,ECE,Europe & Central Asia,34.5,46,49.7,29,51,25,47,32,55.4,30,53.6,23,53.5,26,56.4,26,87.3,17,47.7,24,15.2,44.06%,1.3,2.62%,-4,-7.84%,8.4,17.87%,-1.8,-3.25%,-0.1,-0.19%,2.9,5.42%,30.9,54.79%,-39.6,-45.36%
12,BLR,Belarus,22,ECE,Europe & Central Asia,52,15,54.1,23,61.3,17,57,18,63.6,18,58.3,19,59.5,23,57,24,99,11,48.4,23,2.1,4.04%,7.2,13.31%,-4.3,-7.01%,6.6,11.58%,-5.3,-8.33%,1.2,2.06%,-2.5,-4.20%,42,73.68%,-50.6,-51.11%
13,BEL,Belgium,23,ECE,Europe & Central Asia,1.2,145,4,131,4,134,4,138,1.5,146,3,145,2.5,141,4,138,-2,134,12.9,134,2.8,233.33%,0,0.00%,0,0.00%,-2.5,-62.50%,1.5,100.00%,-0.5,-16.67%,1.5,60.00%,-6,-150.00%,14.9,-745.00%
19,BGR,Bulgaria,24,ECE,Europe & Central Asia,6.5,119,8,119,10.3,109,9,116,16.3,106,12.5,102,15.6,95,19,93,29,83,28.6,80,1.5,23.08%,2.3,28.75%,-1.3,-12.62%,7.3,81.11%,-3.8,-23.31%,3.1,24.80%,3.4,21.79%,10,52.63%,-0.4,-1.38%
33,HRV,Croatia,25,ECE,Europe & Central Asia,16.5,90,11.8,103,12.8,103,13,103,12.5,115,8.5,113,17.2,87,17.5,100,23.3,96,26.6,99,-4.7,-28.48%,1,8.47%,0.2,1.56%,-0.5,-3.85%,-4,-32.00%,8.7,102.35%,0.3,1.74%,5.8,33.14%,3.3,14.16%
35,CYP,Cyprus,26,ECE,Europe & Central Asia,20.8,77,22,79,5.5,126,7.5,124,14,112,7.5,122,5.5,128,13.4,114,-3,136,13.8,132,1.2,5.77%,-16.5,-75.00%,2,36.36%,6.5,86.67%,-6.5,-46.43%,-2,-26.67%,7.9,143.64%,-16.4,-122.39%,16.8,-560.00%
36,CZE,Czech Republic,27,ECE,Europe & Central Asia,2.5,138,3.5,133,1,143,0.8,147,4,139,4,136,5,130,7.5,132,37,67,10.2,138,1,40.00%,-2.5,-71.43%,-0.2,-20.00%,3.2,400.00%,0,0.00%,1,25.00%,2.5,50.00%,29.5,393.33%,-26.8,-72.43%
37,DNK,Denmark,28,ECE,Europe & Central Asia,1,146,0.5,145,0.5,145,5,134,2,143,3.5,140,0,147,2.5,141,-5.7,143,7.1,148,-0.5,-50.00%,0,0.00%,4.5,900.00%,-3,-60.00%,1.5,75.00%,-3.5,-100.00%,2.5,#DIV/0!,-8.2,-328.00%,12.8,-224.56%
45,EST,Estonia,29,ECE,Europe & Central Asia,2.5,139,2,139,1.5,142,2,145,1,149,2,149,0.5,146,2,142,-9,148,9.3,144,-0.5,-20.00%,-0.5,-25.00%,0.5,33.33%,-1,-50.00%,1,100.00%,-1.5,-75.00%,1.5,300.00%,-11,-550.00%,18.3,-203.33%
48,FIN,Finland,30,ECE,Europe & Central Asia,0.5,148,0.5,146,0.5,146,0.5,148,1.5,148,2,148,0,150,0,150,-10,150,6.4,151,0,0.00%,0,0.00%,0,0.00%,1,200.00%,0.5,33.33%,-2,-100.00%,0,#DIV/0!,-10,#DIV/0!,16.4,-164.00%
49,FRA,France,31,ECE,Europe & Central Asia,4.2,127,3.5,134,6.3,123,9,119,9.8,122,7.7,120,10.7,115,13.4,112,9.5,121,21.6,121,-0.7,-16.67%,2.8,80.00%,2.7,42.86%,0.8,8.89%,-2.1,-21.43%,3,38.96%,2.7,25.23%,-3.9,-29.10%,12.1,127.37%
52,GEO,Georgia,32,ECE,Europe & Central Asia,17.3,87,27.5,66,25.2,63,21,73,20.8,94,31.3,50,18.8,84,27,68,38,65,30.1,70,10.2,58.96%,-2.3,-8.36%,-4.2,-16.67%,-0.2,-0.95%,10.5,50.48%,-12.5,-39.94%,8.2,43.62%,11,40.74%,-7.9,-20.79%
53,DEU,Germany,33,ECE,Europe & Central Asia,1.3,144,2,140,4,135,5.5,131,5.8,133,4.5,134,3.5,135,4.3,137,-3,138,10.2,139,0.7,53.85%,2,100.00%,1.5,37.50%,0.3,5.45%,-1.3,-22.41%,-1,-22.22%,0.8,22.86%,-7.3,-169.77%,13.2,-440.00%
55,GRC,Greece,34,ECE,Europe & Central Asia,6,122,7,121,4,133,8,122,9.3,123,7.5,123,9,119,19,94,24,94,28.5,84,1,16.67%,-3,-42.86%,4,100.00%,1.3,16.25%,-1.8,-19.35%,1.5,20.00%,10,111.11%,5,26.32%,4.5,18.75%
61,HUN,Hungary,35,ECE,Europe & Central Asia,3.3,130,6,125,2,138,3,142,4.5,136,5.5,131,5.5,129,7.5,131,10,119,26.1,106,2.7,81.82%,-4,-66.67%,1,50.00%,1.5,50.00%,1,22.22%,0,0.00%,2,36.36%,2.5,33.33%,16.1,161.00%
62,ISL,Iceland,36,ECE,Europe & Central Asia,0.5,149,0.5,147,0.5,147,0.5,149,0.8,151,1.5,151,2,143,0,146,-7,146,8.5,146,0,0.00%,0,0.00%,0,0.00%,0.3,60.00%,0.7,87.50%,0.5,33.33%,-2,-100.00%,-7,#DIV/0!,15.5,-221.43%
67,IRL,Ireland,37,ECE,Europe & Central Asia,2.8,135,0.5,148,0.5,148,0.5,150,2,145,2,147,0,149,2,143,-4,139,10.1,140,-2.3,-82.14%,0,0.00%,0,0.00%,1.5,300.00%,0,0.00%,-2,-100.00%,2,#DIV/0!,-6,-300.00%,14.1,-352.50%
68,ITA,Italy,38,ECE,Europe & Central Asia,9.8,103,9,116,8.7,113,9.9,114,11.3,120,8.4,114,12.1,111,15,111,19.7,103,26.1,105,-0.8,-8.16%,-0.3,-3.33%,1.2,13.79%,1.4,14.14%,-2.9,-25.66%,3.7,44.05%,2.9,23.97%,4.7,31.33%,6.4,32.49%
72,KAZ,Kazakhstan,39,ECE,Europe & Central Asia,42.5,27,44.2,34,36.2,43,41,38,41.6,43,35.3,46,49.7,30,68.5,17,77.5,23,55.1,20,1.7,4.00%,-8,-18.10%,4.8,13.26%,0.6,1.46%,-6.3,-15.14%,14.4,40.79%,18.8,37.83%,9,13.14%,-22.4,-28.90%
74,KSV,Kosovo,40,ECE,Europe & Central Asia,21.3,74,20.1,83,25.8,62,16,88,19.8,99,12,104,16.6,89,24.8,74,30,78,28.5,82,-1.2,-5.63%,5.7,28.36%,-9.8,-37.98%,3.8,23.75%,-7.8,-39.39%,4.6,38.33%,8.2,49.40%,5.2,20.97%,-1.5,-5.00%
77,LVA,Latvia,41,ECE,Europe & Central Asia,2.3,141,1,143,2.5,137,3,141,3.5,140,3,143,3,140,8.5,124,15,109,22.9,118,-1.3,-56.52%,1.5,150.00%,0.5,20.00%,0.5,16.67%,-0.5,-14.29%,0,0.00%,5.5,183.33%,6.5,76.47%,7.9,52.67%
82,LTU,Lithuania,42,ECE,Europe & Central Asia,2.8,136,3,137,4.5,132,6.5,127,7,130,4,135,2.3,142,2.5,140,4,127,18.2,125,0.2,7.14%,1.5,50.00%,2,44.44%,0.5,7.69%,-3,-42.86%,-1.7,-42.50%,0.2,8.70%,1.5,60.00%,14.2,355.00%
91,MDA,Moldova,43,ECE,Europe & Central Asia,27,65,20.5,82,17.5,87,19.2,77,24.8,79,21.4,69,33.8,55,19.1,89,16,106,26,107,-6.5,-24.07%,-3,-14.63%,1.7,9.71%,5.6,29.17%,-3.4,-13.71%,12.4,57.94%,-14.7,-43.49%,-3.1,-16.23%,10,62.50%
97,NLD,Netherlands,44,ECE,Europe & Central Asia,0.5,150,0.5,149,0.5,149,0.5,151,3.5,141,4,137,1,144,0,147,-9,149,6.5,149,0,0.00%,0,0.00%,0,0.00%,3,600.00%,0.5,14.29%,-3,-75.00%,-1,-100.00%,-9,#DIV/0!,15.5,-172.22%
103,NOR,Norway,45,ECE,Europe & Central Asia,0.5,151,0.5,150,0.5,150,2,146,0.8,150,1.5,150,0,151,0,151,-10,151,6.5,150,0,0.00%,0,0.00%,1.5,300.00%,-1.2,-60.00%,0.7,87.50%,-1.5,-100.00%,0,#DIV/0!,-10,#DIV/0!,16.5,-165.00%
109,POL,Poland,46,ECE,Europe & Central Asia,6.2,121,6.8,123,12.5,105,14,100,18.5,101,9,109,9.5,117,8.9,122,-0.7,131,13.1,133,0.6,9.68%,5.7,83.82%,1.5,12.00%,4.5,32.14%,-9.5,-51.35%,0.5,5.56%,-0.6,-6.32%,-9.6,-107.87%,13.8,-1971.43%
110,PRT,Portugal,47,ECE,Europe & Central Asia,5.2,125,4.5,129,4.8,130,3,140,2,144,4,138,8,124,12.4,117,5.3,125,16.8,128,-0.7,-13.46%,0.3,6.67%,-1.8,-37.50%,-1,-33.33%,2,100.00%,4,100.00%,4.4,55.00%,-7.1,-57.26%,11.5,216.98%
112,ROU,Romania,48,ECE,Europe & Central Asia,11.5,99,17.8,91,16.2,91,14,98,12.8,114,9,110,12.5,110,16,108,14,111,23.1,116,6.3,54.78%,-1.6,-8.99%,-2.2,-13.58%,-1.2,-8.57%,-3.8,-29.69%,3.5,38.89%,3.5,28.00%,-2,-12.50%,9.1,65.00%
113,RUS,Russia,49,ECE,Europe & Central Asia,49.5,18,51.4,25,48.7,28,52.5,22,56.9,25,47.5,30,60.9,21,49.9,34,66,35,43.4,30,1.9,3.84%,-2.7,-5.25%,3.8,7.80%,4.4,8.38%,-9.4,-16.52%,13.4,28.21%,-11,-18.06%,16.1,32.26%,-22.6,-34.24%
117,SRB,Serbia,50,ECE,Europe & Central Asia,21.3,75,20.1,84,14.8,96,11.5,108,21,93,13.5,98,15.5,99,23,79,29,82,26.6,98,-1.2,-5.63%,-5.3,-26.37%,-3.3,-22.30%,9.5,82.61%,-7.5,-35.71%,2,14.81%,7.5,48.39%,6,26.09%,-2.4,-8.28%
121,SVN,Slovenia,51,ECE,Europe & Central Asia,3,133,2.3,138,1,144,3,143,6.5,132,7.3,125,9.5,118,13.4,113,9.1,123,20.5,123,-0.7,-23.33%,-1.3,-56.52%,2,200.00%,3.5,116.67%,0.8,12.31%,2.2,30.14%,3.9,41.05%,-4.3,-32.09%,11.4,125.27%
125,ESP,Spain,52,ECE,Europe & Central Asia,7.7,113,9,117,8.3,115,10,112,10.3,121,8,119,11,114,12.3,118,9.8,120,20.5,122,1.3,16.88%,-0.7,-7.78%,1.7,20.48%,0.3,3.00%,-2.3,-22.33%,3,37.50%,1.3,11.82%,-2.5,-20.33%,10.7,109.18%
129,SWE,Sweden,53,ECE,Europe & Central Asia,1.5,143,2,141,2,139,4,139,1.5,147,3,146,0,148,0,149,-5.5,141,9.2,145,0.5,33.33%,0,0.00%,2,100.00%,-2.5,-62.50%,1.5,100.00%,-3,-100.00%,0,#DIV/0!,-5.5,#DIV/0!,14.7,-267.27%
130,CHE,Switzerland,54,ECE,Europe & Central Asia,2.5,140,0.5,151,0.5,151,2.5,144,3,142,3,144,1,145,0,148,-6.2,145,9.9,142,-2,-80.00%,0,0.00%,2,400.00%,0.5,20.00%,0,0.00%,-2,-66.67%,-1,-100.00%,-6.2,#DIV/0!,16.1,-259.68%
132,TJK,Tajikistan,55,ECE,Europe & Central Asia,34.5,47,27.8,65,33,50,30,47,37,51,25.5,61,32,56,34.5,56,13,113,35.7,52,-6.7,-19.42%,5.2,18.71%,-3,-9.09%,7,23.33%,-11.5,-31.08%,6.5,25.49%,2.5,7.81%,-21.5,-62.32%,22.7,174.62%
138,TUR,Turkey,56,ECE,Europe & Central Asia,35,45,37.3,49,25,64,25,64,31.3,62,22.8,64,38.3,49,49.3,36,70,30,46.6,26,2.3,6.57%,-12.3,-32.98%,0,0.00%,6.3,25.20%,-8.5,-27.16%,15.5,67.98%,11,28.72%,20.7,41.99%,-23.4,-33.43%
139,TKM,Turkmenistan,57,ECE,Europe & Central Asia,82.8,9,99.8,4,93.5,4,98.5,3,103.8,4,95.5,4,107,4,95.3,4,140.7,4,79.1,4,17,20.53%,-6.3,-6.31%,5,5.35%,5.3,5.38%,-8.3,-8.00%,11.5,12.04%,-11.7,-10.93%,45.4,47.64%,-61.6,-43.78%
141,UKR,Ukraine,58,ECE,Europe & Central Asia,40,31,51,27,32.5,51,26.5,57,26.8,68,19.3,77,22,75,46.8,42,54,57,36.8,50,11,27.50%,-18.5,-36.27%,-6,-18.46%,0.3,1.13%,-7.5,-27.99%,2.7,13.99%,24.8,112.73%,7.2,15.38%,-17.2,-31.85%
143,GBR,United Kingdom,59,ECE,Europe & Central Asia,4.3,126,6,126,5.2,129,6.5,126,8.3,129,5.5,130,4,133,6,135,2,129,16.9,127,1.7,39.53%,-0.8,-13.33%,1.3,25.00%,1.8,27.69%,-2.8,-33.73%,-1.5,-27.27%,2,50.00%,-4,-66.67%,14.9,745.00%
146,UZB,Uzbekistan,60,ECE,Europe & Central Asia,61.5,13,52.1,24,66.5,13,71,11,74.9,10,62.7,11,67.7,15,71.5,16,83,21,60.4,16,-9.4,-15.28%,14.4,27.64%,4.5,6.77%,3.9,5.49%,-12.2,-16.29%,5,7.97%,3.8,5.61%,11.5,16.08%,-22.6,-27.23%
6,ARG,Argentina,61,LCE,Latin America & Caribbean,15.2,93,21.3,81,13.7,101,17.3,85,24.8,80,14.1,95,11.3,112,16.4,105,14,110,25.7,108,6.1,40.13%,-7.6,-35.68%,3.6,26.28%,7.5,43.35%,-10.7,-43.15%,-2.8,-19.86%,5.1,45.13%,-2.4,-14.63%,11.7,83.57%
16,BOL,Bolivia,62,LCE,Latin America & Caribbean,9.7,105,20,85,9.7,111,4.5,135,21.5,92,28.2,54,24.2,71,28.1,65,40,62,32.8,62,10.3,106.19%,-10.3,-51.50%,-5.2,-53.61%,17,377.78%,6.7,31.16%,-4,-14.18%,3.9,16.12%,11.9,42.35%,-7.2,-18.00%
18,BRA,Brazil,63,LCE,Latin America & Caribbean,16.8,89,16.5,92,14.5,97,17.2,86,25.3,77,18,80,15.9,92,16.6,103,35.3,70,32.8,63,-0.3,-1.79%,-2,-12.12%,2.7,18.62%,8.1,47.09%,-7.3,-28.85%,-2.1,-11.67%,0.7,4.40%,18.7,112.65%,-2.5,-7.08%
28,CHL,Chile,64,LCE,Latin America & Caribbean,6.8,116,10,111,11.8,107,11.6,107,12.1,116,11.5,106,10.5,116,10.5,121,29,85,26.2,103,3.2,47.06%,1.8,18.00%,-0.2,-1.69%,0.5,4.31%,-0.6,-4.96%,-1,-8.70%,0,0.00%,18.5,176.19%,-2.8,-9.66%
30,COL,Colombia,65,LCE,Latin America & Caribbean,49.2,19,47.4,31,40.2,36,44.8,35,42.3,42,35.5,44,40.1,46,51.5,31,66.5,34,37.5,47,-1.8,-3.66%,-7.2,-15.19%,4.6,11.44%,-2.5,-5.58%,-6.8,-16.08%,4.6,12.96%,11.4,28.43%,15,29.13%,-29,-43.61%
32,CRI,Costa Rica,66,LCE,Latin America & Caribbean,3.8,129,7.6,120,8.5,114,6.7,125,6.5,131,5.1,132,8,123,8.1,125,-2.3,135,12.1,137,3.8,100.00%,0.9,11.84%,-1.8,-21.18%,-0.2,-2.99%,-1.4,-21.54%,2.9,56.86%,0.1,1.25%,-10.4,-128.40%,14.4,-626.09%
34,CUB,Cuba,67,LCE,Latin America & Caribbean,97.8,3,106.8,3,87,7,95,5,96.2,6,88.3,5,94,6,78,13,98.8,12,71.6,10,9,9.20%,-19.8,-18.54%,8,9.20%,1.2,1.26%,-7.9,-8.21%,5.7,6.46%,-16,-17.02%,20.8,26.67%,-27.2,-27.53%
39,DOM,Dominican Republic,68,LCE,Latin America & Caribbean,17,88,6.8,122,12.3,106,12.8,105,22.8,88,18,81,26.8,68,26.1,70,33.3,74,28.3,87,-10.2,-60.00%,5.5,80.88%,0.5,4.07%,10,78.13%,-4.8,-21.05%,8.8,48.89%,-0.7,-2.61%,7.2,27.59%,-5,-15.02%
40,ECU,Ecuador,69,LCE,Latin America & Caribbean,7.7,112,16.5,93,21.8,75,15.3,92,18.5,100,15.5,89,20,81,27.5,67,38,64,34.7,55,8.8,114.29%,5.3,32.12%,-6.5,-29.82%,3.2,20.92%,-3,-16.22%,4.5,29.03%,7.5,37.50%,10.5,38.18%,-3.3,-8.68%
42,SLV,El Salvador,70,LCE,Latin America & Caribbean,6.8,117,6,124,5.8,125,10,113,20.2,97,12.8,100,17.3,86,15.8,109,9.3,122,22.9,120,-0.8,-11.76%,-0.2,-3.33%,4.2,72.41%,10.2,102.00%,-7.4,-36.63%,4.5,35.16%,-1.5,-8.67%,-6.5,-41.14%,13.6,146.24%
56,GTM,Guatemala,71,LCE,Latin America & Caribbean,30.8,60,16.5,94,21.5,76,21.3,72,33,60,22.6,66,29.5,61,20.3,87,35,72,29.4,74,-14.3,-46.43%,5,30.30%,-0.2,-0.93%,11.7,54.93%,-10.4,-31.52%,6.9,30.53%,-9.2,-31.19%,14.7,72.41%,-5.6,-16.00%
59,HTI,Haiti,72,LCE,Latin America & Caribbean,31,59,42.1,39,33.5,46,19.5,75,23.5,84,15.1,90,15,104,16.4,104,15.7,107,24.1,113,11.1,35.81%,-8.6,-20.43%,-14,-41.79%,4,20.51%,-8.4,-35.74%,-0.1,-0.66%,1.4,9.33%,-0.7,-4.27%,8.4,53.50%
60,HND,Honduras,73,LCE,Latin America & Caribbean,14.2,95,11.8,104,18,86,14.5,96,25.5,74,21.5,68,42,44,51.1,32,61,41,36.9,49,-2.4,-16.90%,6.2,52.54%,-3.5,-19.44%,11,75.86%,-4,-15.69%,20.5,95.35%,9.1,21.67%,9.9,19.37%,-24.1,-39.51%
69,JAM,Jamaica,74,LCE,Latin America & Caribbean,3.3,131,4.2,130,7.5,120,5.5,129,8.6,126,4.9,133,4.8,131,7.7,129,-3,137,9.9,141,0.9,27.27%,3.3,78.57%,-2,-26.67%,3.1,56.36%,-3.7,-43.02%,-0.1,-2.04%,2.9,60.42%,-10.7,-138.96%,12.9,-430.00%
90,MEX,Mexico,75,LCE,Latin America & Caribbean,17.7,86,27.8,64,45.5,30,45.8,34,53.6,33,46.1,31,48.3,34,47.5,37,72.7,29,45.3,27,10.1,57.06%,17.7,63.67%,0.3,0.66%,7.8,17.03%,-7.5,-13.99%,2.2,4.77%,-0.8,-1.66%,25.2,53.05%,-27.4,-37.69%
99,NIC,Nicaragua,76,LCE,Latin America & Caribbean,6.5,120,11.7,105,15.3,93,15.5,91,14.3,110,12.5,103,16.8,88,22.3,81,24.3,93,28.3,90,5.2,80.00%,3.6,30.77%,0.2,1.31%,-1.2,-7.74%,-1.8,-12.59%,4.3,34.40%,5.5,32.74%,2,8.97%,4,16.46%
105,PAN,Panama,77,LCE,Latin America & Caribbean,9.8,104,14.5,98,15,94,9.5,115,17.9,103,11.8,105,14.5,106,21.8,83,76,25,33,60,4.7,47.96%,0.5,3.45%,-5.5,-36.67%,8.4,88.42%,-6.1,-34.08%,2.7,22.88%,7.3,50.34%,54.2,248.62%,-43,-56.58%
106,PRY,Paraguay,78,LCE,Latin America & Caribbean,7.2,115,10.5,110,15.5,92,18.3,79,26.1,71,20.5,74,14.3,107,16.3,106,29,84,28.8,77,3.3,45.83%,5,47.62%,2.8,18.06%,7.8,42.62%,-5.6,-21.46%,-6.2,-30.24%,2,13.99%,12.7,77.91%,-0.2,-0.69%
107,PER,Peru,79,LCE,Latin America & Caribbean,10.3,102,40,41,33.3,47,28.3,51,37.4,49,26.3,59,20.9,80,30,60,51.3,58,31.9,65,29.7,288.35%,-6.7,-16.75%,-5,-15.02%,9.1,32.16%,-11.1,-29.68%,-5.4,-20.53%,9.1,43.54%,21.3,71.00%,-19.4,-37.82%
136,TTO,Trinidad & Tobago,80,LCE,Latin America & Caribbean,1,147,2,142,2,140,5,132,5,134,6.1,128,7,126,8.5,123,15,108,23.1,115,1,100.00%,0,0.00%,3,150.00%,0,0.00%,1.1,22.00%,0.9,14.75%,1.5,21.43%,6.5,76.47%,8.1,54.00%
145,URY,Uruguay,81,LCE,Latin America & Caribbean,4,128,10,114,9.8,110,13.8,101,11.8,118,8.3,115,7.6,125,11.8,120,19,104,15.9,129,6,150.00%,-0.2,-2.00%,4,40.82%,-2,-14.49%,-3.5,-29.66%,-0.7,-8.43%,4.2,55.26%,7.2,61.02%,-3.1,-16.32%
147,VEN,Venezuela,82,LCE,Latin America & Caribbean,27.8,63,24.6,70,23,71,29,49,36.9,52,27.3,56,39.5,47,47.3,41,55,54,34.4,57,-3.2,-11.51%,-1.6,-6.50%,6,26.09%,7.9,27.24%,-9.6,-26.02%,12.2,44.69%,7.8,19.75%,7.7,16.28%,-20.6,-37.45%
4,DZA,Algeria,83,MEE,Middle East & North Africa,33,52,43.5,35,40.3,35,40,40,40.5,45,31.3,49,49.6,31,47.3,40,56,52,36.5,51,10.5,31.82%,-3.2,-7.36%,-0.3,-0.74%,0.5,1.25%,-9.2,-22.72%,18.3,58.47%,-2.3,-4.64%,8.7,18.39%,-19.5,-34.82%
38,DJI,Djibouti,84,MEE,Middle East & North Africa,35.5,41,55,22,37,42,33,44,50.3,36,41.5,37,31,59,30.5,59,83.5,19,67.4,14,19.5,54.93%,-18,-32.73%,-4,-10.81%,17.3,52.42%,-8.8,-17.50%,-10.5,-25.30%,-0.5,-1.61%,53,173.77%,-16.1,-19.28%
41,EGY,Egypt,85,MEE,Middle East & North Africa,34.3,48,43.5,36,52,23,46.3,33,58,23,50.3,25,51.4,29,43.3,46,97.5,13,48.7,22,9.2,26.82%,8.5,19.54%,-5.7,-10.96%,11.7,25.27%,-7.7,-13.28%,1.1,2.19%,-8.1,-15.76%,54.2,125.17%,-48.8,-50.05%
65,IRN,Iran,86,MEE,Middle East & North Africa,89.3,7,78.3,10,89.2,5,90.9,7,96.5,5,80.3,8,104.1,5,94.6,5,136.6,6,73.4,7,-11,-12.32%,10.9,13.92%,1.7,1.91%,5.6,6.16%,-16.2,-16.79%,23.8,29.64%,-9.5,-9.13%,42,44.40%,-63.2,-46.27%
66,IRQ,Iraq,87,MEE,Middle East & North Africa,37.5,36,58.5,19,67,11,66.8,15,67.8,12,59.4,15,53.3,27,45.6,43,75.4,26,44.7,29,21,56.00%,8.5,14.53%,-0.2,-0.30%,1,1.50%,-8.4,-12.39%,-6.1,-10.27%,-7.7,-14.45%,29.8,65.35%,-30.7,-40.72%
71,JOR,Jordan,88,MEE,Middle East & North Africa,37,38,39.1,43,24,66,27.5,54,40.2,46,36,43,31.9,57,37,52,56.8,48,38.5,42,2.1,5.68%,-15.1,-38.62%,3.5,14.58%,12.7,46.18%,-4.2,-10.45%,-4.1,-11.39%,5.1,15.99%,19.8,53.51%,-18.3,-32.22%
75,KWT,Kuwait,89,MEE,Middle East & North Africa,31.3,58,31.7,57,21.3,77,17,87,20.2,96,12.6,101,15.3,103,23.8,78,28,87,28.3,89,0.4,1.28%,-10.4,-32.81%,-4.3,-20.19%,3.2,18.82%,-7.6,-37.62%,2.7,21.43%,8.5,55.56%,4.2,17.65%,0.3,1.07%
78,LBN,Lebanon,90,MEE,Middle East & North Africa,32.5,54,24.4,73,28.3,54,27,56,28.8,65,14,96,15.4,102,20.5,86,31.5,75,30.2,69,-8.1,-24.92%,3.9,15.98%,-1.3,-4.59%,1.8,6.67%,-14.8,-51.39%,1.4,10.00%,5.1,33.12%,11,53.66%,-1.3,-4.13%
81,LBY,Libya,91,MEE,Middle East & North Africa,60,14,65,14,88.8,6,62.5,17,66.5,14,61.5,13,64.5,19,63.5,19,77.5,24,37.9,45,5,8.33%,23.8,36.62%,-26.3,-29.62%,4,6.40%,-5,-7.52%,3,4.88%,-1,-1.55%,14,22.05%,-39.6,-51.10%
93,MAR,Morocco,92,MEE,Middle East & North Africa,39.7,32,43,38,36.2,44,24.8,65,33.3,58,32.3,48,41,45,47.4,39,63.3,39,39,40,3.3,8.31%,-6.8,-15.81%,-11.4,-31.49%,8.5,34.27%,-1,-3.00%,8.7,26.93%,6.4,15.61%,15.9,33.54%,-24.3,-38.39%
111,QAT,Qatar,93,MEE,Middle East & North Africa,35,44,32.5,56,23,69,18,80,24,81,15.5,87,24,72,38,51,46,59,32.9,61,-2.5,-7.14%,-9.5,-29.23%,-5,-21.74%,6,33.33%,-8.5,-35.42%,8.5,54.84%,14,58.33%,8,21.05%,-13.1,-28.48%
115,SAU,Saudi Arabia,94,MEE,Middle East & North Africa,71.5,11,79.2,9,66,14,76,8,59.8,21,61.8,12,76.5,13,61.5,21,83.3,20,56.9,17,7.7,10.77%,-13.2,-16.67%,10,15.15%,-16.2,-21.32%,2,3.34%,14.7,23.79%,-15,-19.61%,21.8,35.45%,-26.4,-31.69%
131,SYR,Syria,95,MEE,Middle East & North Africa,67.5,12,67.5,12,55,22,63,16,66,15,59.6,14,78,11,91.5,6,138,5,78.5,5,0,0.00%,-12.5,-18.52%,8,14.55%,3,4.76%,-6.4,-9.70%,18.4,30.87%,13.5,17.31%,46.5,50.82%,-59.5,-43.12%
137,TUN,Tunisia,96,MEE,Middle East & North Africa,50.8,17,62.7,16,57.5,21,53.8,21,57,24,48.1,28,61.5,20,72.5,15,60.3,43,39.9,38,11.9,23.43%,-5.2,-8.29%,-3.7,-6.43%,3.2,5.95%,-8.9,-15.61%,13.4,27.86%,11,17.89%,-12.2,-16.83%,-20.4,-33.83%
142,ARE,United Arab Emirates,97,MEE,Middle East & North Africa,37,39,50.3,28,25.8,61,17.5,83,20.3,95,14.5,94,21.5,79,23.8,77,45,60,33.5,59,13.3,35.95%,-24.5,-48.71%,-8.3,-32.17%,2.8,16.00%,-5.8,-28.57%,7,48.28%,2.3,10.70%,21.2,89.08%,-11.5,-25.56%
149,YEM,Yemen,98,MEE,Middle East & North Africa,41.8,28,48,30,46.3,29,54,19,56.7,26,59,18,83.4,9,82.1,9,101,9,69.2,12,6.2,14.83%,-1.7,-3.54%,7.7,16.63%,2.7,5.00%,2.3,4.06%,24.4,41.36%,-1.3,-1.56%,18.9,23.02%,-31.8,-31.49%
24,CAN,Canada,99,NAE,North America,1.8,142,3.3,136,4.5,131,4.5,136,4.9,135,3.3,141,3.7,134,7,134,-5.7,142,12.7,135,1.5,83.33%,1.2,36.36%,0,0.00%,0.4,8.89%,-1.6,-32.65%,0.4,12.12%,3.3,89.19%,-12.7,-181.43%,18.4,-322.81%
144,USA,United States of America,100,NAE,North America,6,123,4,132,9.5,112,13,104,14.5,109,8,116,4,132,7.7,130,14,112,18.2,124,-2,-33.33%,5.5,137.50%,3.5,36.84%,1.5,11.54%,-6.5,-44.83%,-4,-50.00%,3.7,92.50%,6.3,81.82%,4.2,30.00%
2,AFG,Afghanistan,101,SAE,South Asia,40.2,29,28.3,63,39.2,39,44.3,36,56.5,27,59.3,17,54.3,24,51.7,29,74,28,37.4,48,-11.9,-29.60%,10.9,38.52%,5.1,13.01%,12.2,27.54%,2.8,4.96%,-5,-8.43%,-2.6,-4.79%,22.3,43.13%,-36.6,-49.46%
11,BGD,Bangladesh,102,SAE,South Asia,46.5,22,62.5,17,61.3,16,48,30,53.2,35,42.7,35,37.3,50,42.5,47,57,47,42,34,16,34.41%,-1.2,-1.92%,-13.3,-21.70%,5.2,10.83%,-10.5,-19.74%,-5.4,-12.65%,5.2,13.94%,14.5,34.12%,-15,-26.32%
15,BTN,Bhutan,103,SAE,South Asia,77.3,10,55.8,21,51.5,24,25,63,37.2,50,15.5,85,15.8,93,17.8,99,24,95,28.4,85,-21.5,-27.81%,-4.3,-7.71%,-26.5,-51.46%,12.2,48.80%,-21.7,-58.33%,0.3,1.94%,2,12.66%,6.2,34.83%,4.4,18.33%
63,IND,India,104,SAE,South Asia,39,33,38.5,44,27,56,26.5,58,39.3,48,30,51,29.3,62,38.8,50,58,45,41.2,36,-0.5,-1.28%,-11.5,-29.87%,-0.5,-1.85%,12.8,48.30%,-9.3,-23.66%,-0.7,-2.33%,9.5,32.42%,19.2,49.48%,-16.8,-28.97%
86,MDV,Maldives,105,SAE,South Asia,47.5,20,69.2,11,58.5,20,51.3,25,45.2,39,23.3,63,14,108,16,107,25,92,31.1,67,21.7,45.68%,-10.7,-15.46%,-7.2,-12.31%,-6.1,-11.89%,-21.9,-48.45%,-9.3,-39.91%,2,14.29%,9,56.25%,6.1,24.40%
96,NPL,Nepal,106,SAE,South Asia,51.5,16,84,8,86.8,8,73.5,10,53.8,32,43.3,33,35.6,52,36.4,53,38.8,63,34.6,56,32.5,63.11%,2.8,3.33%,-13.3,-15.32%,-19.7,-26.80%,-10.5,-19.52%,-7.7,-17.78%,0.8,2.25%,2.4,6.59%,-4.2,-10.82%
104,PAK,Pakistan,107,SAE,South Asia,39,34,61.8,18,60.8,18,70.3,12,64.8,17,54.9,21,65.7,16,56.2,27,75,27,51.3,21,22.8,58.46%,-1,-1.62%,9.5,15.63%,-5.5,-7.82%,-9.9,-15.28%,10.8,19.67%,-9.5,-14.46%,18.8,33.45%,-23.7,-31.60%
126,LKA,Sri Lanka,108,SAE,South Asia,24.8,70,36.5,53,33.3,48,50.8,27,67.5,13,78,9,75,14,62.5,20,87.5,16,56.6,18,11.7,47.18%,-3.2,-8.77%,17.5,52.55%,16.7,32.87%,10.5,15.56%,-3,-3.85%,-12.5,-16.67%,25,40.00%,-30.9,-35.31%
5,AGO,Angola,109,SSE,Sub-Saharan Africa,28,62,26.5,68,18,85,21.5,71,26.5,70,29.5,53,36.5,51,28.5,64,58.4,44,37.8,46,-1.5,-5.36%,-8.5,-32.08%,3.5,19.44%,5,23.26%,3,11.32%,7,23.73%,-8,-21.92%,29.9,104.91%,-20.6,-35.27%
14,BEN,Benin,110,SSE,Sub-Saharan Africa,5.3,124,5.5,127,5.5,128,5.5,130,17,104,15,93,16,91,19,92,31,76,28.3,88,0.2,3.77%,0,0.00%,0,0.00%,11.5,209.09%,-2,-11.76%,1,6.67%,3,18.75%,12,63.16%,-2.7,-8.71%
17,BWA,Botswana,111,SSE,Sub-Saharan Africa,13,97,11.5,107,14,100,13,102,23.5,85,14,97,15.5,98,17.5,101,12,116,22.9,119,-1.5,-11.54%,2.5,21.74%,-1,-7.14%,10.5,80.77%,-9.5,-40.43%,1.5,10.71%,2,12.90%,-5.5,-31.43%,10.9,90.83%
20,BFA,Burkina Faso,112,SSE,Sub-Saharan Africa,18,84,16.3,95,19,84,16,90,21.5,91,13,99,15,105,15,110,23.3,97,23.7,114,-1.7,-9.44%,2.7,16.56%,-3,-15.79%,5.5,34.38%,-8.5,-39.53%,2,15.38%,0,0.00%,8.3,55.33%,0.4,1.72%
21,BDI,Burundi,113,SSE,Sub-Saharan Africa,26.3,67,19,87,23,72,39.8,41,43.4,41,21,71,29,63,28.9,61,57.8,46,38,44,-7.3,-27.76%,4,21.05%,16.8,73.04%,3.6,9.05%,-22.4,-51.61%,8,38.10%,-0.1,-0.34%,28.9,100.00%,-19.8,-34.26%
23,CMR,Cameroon,114,SSE,Sub-Saharan Africa,30.5,61,27,67,20.5,79,28.3,52,36,54,36.9,42,30.5,60,44.3,44,35,71,34.8,54,-3.5,-11.48%,-6.5,-24.07%,7.8,38.05%,7.7,27.21%,0.9,2.50%,-6.4,-17.34%,13.8,45.25%,-9.3,-20.99%,-0.2,-0.57%
25,CPV,Cape Verde,115,SSE,Sub-Saharan Africa,8.3,109,8.8,118,6,124,11.5,110,14,111,8,117,11,113,8,126,-6,144,14.3,131,0.5,6.02%,-2.8,-31.82%,5.5,91.67%,2.5,21.74%,-6,-42.86%,3,37.50%,-3,-27.27%,-14,-175.00%,20.3,-338.33%
26,CAF,Central African Republic,116,SSE,Sub-Saharan Africa,32.8,53,32.5,55,19.8,80,14.5,95,22.5,89,18.5,79,17.8,85,18.5,95,20,102,26.6,100,-0.3,-0.91%,-12.7,-39.08%,-5.3,-26.77%,8,55.17%,-4,-17.78%,-0.7,-3.78%,0.7,3.93%,1.5,8.11%,6.6,33.00%
27,TCD,Chad,117,SSE,Sub-Saharan Africa,24,71,33.3,54,30,52,35.5,42,36.5,53,41.3,38,44.5,40,33.2,58,37.7,66,34.9,53,9.3,38.75%,-3.3,-9.91%,5.5,18.33%,1,2.82%,4.8,13.15%,3.2,7.75%,-11.3,-25.39%,4.5,13.55%,-2.8,-7.43%
31,COM,Comoros,118,SSE,Sub-Saharan Africa,18.5,80,26.5,69,22,74,22.5,69,28,67,20,76,19,83,19,91,13,114,24.5,111,8,43.24%,-4.5,-16.98%,0.5,2.27%,5.5,24.44%,-8,-28.57%,-1,-5.00%,0,0.00%,-6,-31.58%,11.5,88.46%
43,GNQ,Equatorial Guinea,119,SSE,Sub-Saharan Africa,44.8,26,46.3,32,44,31,48,31,65.3,16,59.3,16,65.5,17,79,12,86,18,67.2,15,1.5,3.35%,-2.3,-4.97%,4,9.09%,17.3,36.04%,-6,-9.19%,6.2,10.46%,13.5,20.61%,7,8.86%,-18.8,-21.86%
44,ERI,Eritrea,120,SSE,Sub-Saharan Africa,91.5,5,93.3,5,99.8,3,97.5,4,114,2,97.5,2,115.5,2,105,2,142,2,84.8,2,1.8,1.97%,6.5,6.97%,-2.3,-2.30%,16.5,16.92%,-16.5,-14.47%,18,18.46%,-10.5,-9.09%,37,35.24%,-57.2,-40.28%
46,ETH,Ethiopia,121,SSE,Sub-Saharan Africa,37.5,35,37,50,42,33,75,9,63,19,47.8,29,49,32,49.4,35,56.6,49,39.6,39,-0.5,-1.33%,5,13.51%,33,78.57%,-12,-16.00%,-15.2,-24.13%,1.2,2.51%,0.4,0.82%,7.2,14.57%,-17,-30.04%
50,GAB,Gabon,122,SSE,Sub-Saharan Africa,31.3,57,37.5,47,26,58,28.5,50,31.5,61,26.8,58,43.5,43,28.8,62,36.5,68,28.7,78,6.2,19.81%,-11.5,-30.67%,2.5,9.62%,3,10.53%,-4.7,-14.92%,16.7,62.31%,-14.7,-33.79%,7.7,26.74%,-7.8,-21.37%
51,GMB,Gambia,123,SSE,Sub-Saharan Africa,18.3,82,29.5,61,41,34,54,20,48.3,38,42.8,34,48.3,35,40.5,48,65.5,36,45.1,28,11.2,61.20%,11.5,38.98%,13,31.71%,-5.7,-10.56%,-5.5,-11.39%,5.5,12.85%,-7.8,-16.15%,25,61.73%,-20.4,-31.15%
54,GHA,Ghana,124,SSE,Sub-Saharan Africa,8.8,108,13.5,101,15,95,8.5,120,9,124,7.5,124,6,127,8,128,11,118,17.3,126,4.7,53.41%,1.5,11.11%,-6.5,-43.33%,0.5,5.88%,-1.5,-16.67%,-1.5,-20.00%,2,33.33%,3,37.50%,6.3,57.27%
57,GIN,Guinea,125,SSE,Sub-Saharan Africa,33.2,51,24.5,71,26,59,27.5,53,33.5,55,21.5,67,28.5,66,33.5,57,30,77,28.5,81,-8.7,-26.20%,1.5,6.12%,1.5,5.77%,6,21.82%,-12,-35.82%,7,32.56%,5,17.54%,-3.5,-10.45%,-1.5,-5.00%
58,GNB,Guinea-Bissau,126,SSE,Sub-Saharan Africa,35.3,42,23.5,76,17,89,14.5,97,33.5,56,16.3,82,23.5,73,18.3,96,26,90,28.9,76,-11.8,-33.43%,-6.5,-27.66%,-2.5,-14.71%,19,131.03%,-17.2,-51.34%,7.2,44.17%,-5.2,-22.13%,7.7,42.08%,2.9,11.15%
73,KEN,Kenya,127,SSE,Sub-Saharan Africa,18.5,81,22.3,78,30,53,30.3,46,23.8,82,21.3,70,25,70,19,90,29.5,81,27.8,95,3.8,20.54%,7.7,34.53%,0.3,1.00%,-6.5,-21.45%,-2.5,-10.50%,3.7,17.37%,-6,-24.00%,10.5,55.26%,-1.7,-5.76%
79,LSO,Lesotho,128,SSE,Sub-Saharan Africa,17.8,85,29.5,62,19.5,81,16,89,29.5,64,29.5,52,27.5,67,24,76,21,101,28.4,86,11.7,65.73%,-10,-33.90%,-3.5,-17.95%,13.5,84.38%,0,0.00%,-2,-6.78%,-3.5,-12.73%,-3,-12.50%,7.4,35.24%
80,LBR,Liberia,129,SSE,Sub-Saharan Africa,40,30,40,40,20.5,78,19,78,25.3,76,9.8,108,15.5,101,22.5,80,40.5,61,29.9,72,0,0.00%,-19.5,-48.75%,-1.5,-7.32%,6.3,33.16%,-15.5,-61.26%,5.7,58.16%,7,45.16%,18,80.00%,-10.6,-26.17%
83,MDG,Madagascar,130,SSE,Sub-Saharan Africa,8.2,110,18.5,89,24.5,65,15,93,20,98,21,72,45.8,38,34.9,55,29.5,80,28.6,79,10.3,125.61%,6,32.43%,-9.5,-38.78%,5,33.33%,1,5.00%,24.8,118.10%,-10.9,-23.80%,-5.4,-15.47%,-0.9,-3.05%
84,MWI,Malawi,131,SSE,Sub-Saharan Africa,21,76,31,58,22.8,73,25.5,62,26.8,69,15,91,15.5,96,21,85,68,32,28.2,91,10,47.62%,-8.2,-26.45%,2.7,11.84%,1.3,5.10%,-11.8,-44.03%,0.5,3.33%,5.5,35.48%,47,223.81%,-39.8,-58.53%
87,MLI,Mali,132,SSE,Sub-Saharan Africa,11,100,12.8,102,8,116,9,117,16.5,105,7.5,121,8,122,8,127,0,130,30,71,1.8,16.36%,-4.8,-37.50%,1,12.50%,7.5,83.33%,-9,-54.55%,0.5,6.67%,0,0.00%,-8,-100.00%,30,#DIV/0!
88,MRT,Mauritania,133,SSE,Sub-Saharan Africa,36.7,40,51,26,40,37,17.5,82,15.5,107,23.9,62,28.5,65,25.4,72,22.2,98,26.8,97,14.3,38.96%,-11,-21.57%,-22.5,-56.25%,-2,-11.43%,8.4,54.19%,4.6,19.25%,-3.1,-10.88%,-3.2,-12.60%,4.6,20.72%
89,MUS,Mauritius,134,SSE,Sub-Saharan Africa,7.3,114,10.5,109,7.5,119,8,121,8.5,127,9,112,14,109,18,98,17,105,26.5,101,3.2,43.84%,-3,-28.57%,0.5,6.67%,0.5,6.25%,0.5,5.88%,5,55.56%,4,28.57%,-1,-5.56%,9.5,55.88%
94,MOZ,Mozambique,135,SSE,Sub-Saharan Africa,14,96,16.3,96,10.5,108,11.5,109,23,87,20.5,75,19,82,26.5,69,21.5,99,28,93,2.3,16.43%,-5.8,-35.58%,1,9.52%,11.5,100.00%,-2.5,-10.87%,-1.5,-7.32%,7.5,39.47%,-5,-18.87%,6.5,30.23%
95,NAM,Namibia,136,SSE,Sub-Saharan Africa,11,101,10,113,5.5,127,6,128,8.5,128,5.5,129,9,120,7,133,-2,133,12.5,136,-1,-9.09%,-4.5,-45.00%,0.5,9.09%,2.5,41.67%,-3,-35.29%,3.5,63.64%,-2,-22.22%,-9,-128.57%,14.5,-725.00%
100,NER,Niger,137,SSE,Sub-Saharan Africa,15.8,92,18.3,90,13,102,24.5,67,25.5,72,37,41,48.5,33,28.5,63,2.5,128,23.1,117,2.5,15.82%,-5.3,-28.96%,11.5,88.46%,1,4.08%,11.5,45.10%,11.5,31.08%,-20,-41.24%,-26,-91.23%,20.6,824.00%
101,NGA,Nigeria,138,SSE,Sub-Saharan Africa,31.5,56,37.8,46,38.8,40,32.2,45,49.8,37,37.8,40,46,37,51.5,30,56.4,50,34.1,58,6.3,20.00%,1,2.65%,-6.6,-17.01%,17.6,54.66%,-12,-24.10%,8.2,21.69%,5.5,11.96%,4.9,9.51%,-22.3,-39.54%
114,RWA,Rwanda,139,SSE,Sub-Saharan Africa,34.3,50,37.3,48,38,41,41,37,58.9,22,50,26,64.7,18,81,10,81,22,55.5,19,3,8.75%,0.7,1.88%,3,7.89%,17.9,43.66%,-8.9,-15.11%,14.7,29.40%,16.3,25.19%,0,0.00%,-25.5,-31.48%
116,SEN,Senegal,140,SSE,Sub-Saharan Africa,14.5,94,21.5,80,19,83,17.5,84,25,78,19,78,22,76,25,73,26,89,26.2,104,7,48.28%,-2.5,-11.63%,-1.5,-7.89%,7.5,42.86%,-6,-24.00%,3,15.79%,3,13.64%,1,4.00%,0.2,0.77%
118,SYC,Seychelles,141,SSE,Sub-Saharan Africa,26.8,66,23.5,77,17,90,24.5,66,33,59,15.5,86,16,90,18,97,25,91,29.2,75,-3.3,-12.31%,-6.5,-27.66%,7.5,44.12%,8.5,34.69%,-17.5,-53.03%,0.5,3.23%,2,12.50%,7,38.89%,4.2,16.80%
119,SLE,Sierra Leone,142,SSE,Sub-Saharan Africa,23.5,72,24.5,72,39.5,38,26,59,39.5,47,27.8,55,34,54,24.3,75,21,100,26.4,102,1,4.26%,15,61.22%,-13.5,-34.18%,13.5,51.92%,-11.7,-29.62%,6.2,22.30%,-9.7,-28.53%,-3.3,-13.58%,5.4,25.71%
122,SOM,Somalia,143,SSE,Sub-Saharan Africa,45,25,43.5,37,59,19,51.3,24,71.5,11,58,20,77.5,12,66,18,88.3,15,73.6,6,-1.5,-3.33%,15.5,35.63%,-7.7,-13.05%,20.2,39.38%,-13.5,-18.88%,19.5,33.62%,-11.5,-14.84%,22.3,33.79%,-14.7,-16.65%
123,ZAF,South Africa,144,SSE,Sub-Saharan Africa,3.3,132,5,128,6.5,122,11.3,111,13,113,8,118,8.5,121,12,119,12,117,24.6,110,1.7,51.52%,1.5,30.00%,4.8,73.85%,1.7,15.04%,-5,-38.46%,0.5,6.25%,3.5,41.18%,0,0.00%,12.6,105.00%
127,SDN,Sudan,145,SSE,Sub-Saharan Africa,45.8,23,44.3,33,44,32,48.1,29,55.8,29,42,36,54,25,85.3,7,100.8,10,70.1,11,-1.5,-3.28%,-0.3,-0.68%,4.1,9.32%,7.7,16.01%,-13.8,-24.73%,12,28.57%,31.3,57.96%,15.5,18.17%,-30.7,-30.46%
128,SWZ,Swaziland,146,SSE,Sub-Saharan Africa,37.5,37,31,59,35,45,40.5,39,54.5,31,50.5,24,52.5,28,57.5,23,67,33,46.8,25,-6.5,-17.33%,4,12.90%,5.5,15.71%,14,34.57%,-4,-7.34%,2,3.96%,5,9.52%,9.5,16.52%,-20.2,-30.15%
133,TZA,Tanzania,147,SSE,Sub-Saharan Africa,16.5,91,14.5,99,17.5,88,19.8,74,18,102,15,92,15.5,97,13,116,6,124,27.3,96,-2,-12.12%,3,20.69%,2.3,13.14%,-1.8,-9.09%,-3,-16.67%,0.5,3.33%,-2.5,-16.13%,-7,-53.85%,21.3,355.00%
135,TGO,Togo,148,SSE,Sub-Saharan Africa,27.5,64,19.5,86,23.8,67,15,94,15.2,108,10,107,15.5,100,17,102,28.5,86,28.5,83,-8,-29.09%,4.3,22.05%,-8.8,-36.97%,0.2,1.33%,-5.2,-34.21%,5.5,55.00%,1.5,9.68%,11.5,67.65%,0,0.00%
140,UGA,Uganda,149,SSE,Sub-Saharan Africa,25.8,68,24,74,19.3,82,29.8,48,28,66,26,60,21.5,78,25.5,71,64,38,31.7,66,-1.8,-6.98%,-4.7,-19.58%,10.5,54.40%,-1.8,-6.04%,-2,-7.14%,-4.5,-17.31%,4,18.60%,38.5,150.98%,-32.3,-50.47%
150,ZMB,Zambia,150,SSE,Sub-Saharan Africa,23.3,73,29.8,60,23,70,22.5,68,21.5,90,15.5,88,26.8,69,22,82,30,79,27.9,94,6.5,27.90%,-6.8,-22.82%,-0.5,-2.17%,-1,-4.44%,-6,-27.91%,11.3,72.90%,-4.8,-17.91%,8,36.36%,-2.1,-7.00%
151,ZWE,Zimbabwe,151,SSE,Sub-Saharan Africa,45.5,24,67.5,13,64.3,15,50,28,62,20,54,22,46.5,36,39.5,49,55,56,38.1,43,22,48.35%,-3.2,-4.74%,-14.3,-22.24%,12,24.00%,-8,-12.90%,-7.5,-13.89%,-7,-15.05%,15.5,39.24%,-16.9,-30.73%